{"cameraMode":{"drawMode":0,"name":"Shaded","section":"Shading Mode"},"sceneLighting":true,"audioPlay":false,"sceneViewState":{"m_AlwaysRefresh":true,"showFog":true,"showSkybox":true,"showFlares":true,"showImageEffects":true,"showParticleSystems":true,"showVisualEffectGraphs":true,"m_FxEnabled":true},"in2DMode":false,"pivot":{"x":-12.51402759552002,"y":1.2445725202560425,"z":6.916616439819336},"rotation":{"x":0.036579765379428866,"y":-0.949154794216156,"z":0.12053938210010529,"w":0.2883460819721222},"size":0.7791875600814819,"orthographic":false}