{"cameraMode":{"drawMode":0,"name":"Shaded","section":"Shading Mode"},"sceneLighting":true,"audioPlay":false,"sceneViewState":{"m_AlwaysRefresh":true,"showFog":true,"showSkybox":true,"showFlares":true,"showImageEffects":true,"showParticleSystems":true,"showVisualEffectGraphs":true,"m_FxEnabled":true},"in2DMode":false,"pivot":{"x":-5.109091281890869,"y":0.22800913453102113,"z":-18.508014678955079},"rotation":{"x":-0.008389880880713463,"y":-0.9744945168495178,"z":0.03685406222939491,"w":-0.22087758779525758},"size":0.46024996042251589,"orthographic":false}