{"cameraMode":{"drawMode":0,"name":"Shaded","section":"Shading Mode"},"sceneLighting":true,"audioPlay":false,"sceneViewState":{"m_AlwaysRefresh":true,"showFog":true,"showSkybox":false,"showFlares":true,"showImageEffects":true,"showParticleSystems":true,"showVisualEffectGraphs":true,"m_FxEnabled":true},"in2DMode":false,"pivot":{"x":-12.279999732971192,"y":-0.42019224166870119,"z":-20.25462532043457},"rotation":{"x":0.0910206064581871,"y":-0.5501335263252258,"z":0.06047992408275604,"w":0.8278944492340088},"size":1.0063213109970093,"orthographic":false}